{"vertex":339,"face":124,"position":[6.645406,-0.034077,-7.510880,6.412399,11.035955,-6.047529,6.592436,-0.034477,-7.516288,6.359428,11.035557,-6.052936,6.541515,-0.033489,-7.531868,6.308508,11.036543,-6.068517,6.494602,-0.031151,-7.557024,6.261595,11.038881,-6.093672,6.453498,-0.027553,-7.590786,6.220491,11.042479,-6.127435,6.419784,-0.022834,-7.631859,6.186776,11.047199,-6.168508,6.394754,-0.017173,-7.678664,6.161747,11.052860,-6.215313,6.379371,-0.010790,-7.729402,6.146364,11.059242,-6.266051,6.374227,-0.003929,-7.782124,6.141219,11.066103,-6.318772,6.379518,0.003146,-7.834802,6.146510,11.073178,-6.371451,6.395041,0.010163,-7.885413,6.162033,11.080195,-6.422062,6.420199,0.016853,-7.932013,6.187192,11.086885,-6.468662,6.454027,0.022958,-7.972809,6.221020,11.092990,-6.509459,6.495224,0.028243,-8.006235,6.262217,11.098275,-6.542884,6.542207,0.032507,-8.031006,6.309199,11.102539,-6.567654,6.593170,0.035584,-8.046168,6.360163,11.105616,-6.582818,6.646155,0.037357,-8.051142,6.413147,11.107389,-6.587791,6.699125,0.037756,-8.045734,6.466118,11.107789,-6.582383,6.750045,0.036769,-8.030154,6.517038,11.106801,-6.566803,6.796958,0.034431,-8.004999,6.563951,11.104464,-6.541647,6.838062,0.030833,-7.971236,6.605055,11.100864,-6.507885,6.871777,0.026113,-7.930163,6.638770,11.096147,-6.466812,6.896807,0.020453,-7.883358,6.663799,11.090486,-6.420007,6.912189,0.014070,-7.832620,6.679182,11.084103,-6.369268,6.917334,0.007209,-7.779899,6.684327,11.077241,-6.316547,6.912043,0.000134,-7.727220,6.679036,11.070166,-6.263869,6.896520,-0.006884,-7.676608,6.663513,11.063148,-6.213257,6.871361,-0.013573,-7.630009,6.638354,11.056459,-6.166658,6.837533,-0.019678,-7.589212,6.604526,11.050355,-6.125862,6.796337,-0.024963,-7.555787,6.563329,11.045069,-6.092436,6.749353,-0.029227,-7.531017,6.516346,11.040805,-6.067665,6.698390,-0.032304,-7.515853,6.465383,11.037727,-6.052502,6.592436,-0.034477,-7.516288,6.541515,-0.033489,-7.531868,6.494602,-0.031151,-7.557024,6.220491,11.042479,-6.127435,6.453498,-0.027553,-7.590786,6.419784,-0.022834,-7.631859,6.394754,-0.017173,-7.678664,6.379371,-0.010790,-7.729402,6.374227,-0.003929,-7.782124,6.146510,11.073178,-6.371451,6.379518,0.003146,-7.834802,6.395041,0.010163,-7.885413,6.420199,0.016853,-7.932013,6.454027,0.022958,-7.972809,6.262217,11.098275,-6.542884,6.495224,0.028243,-8.006235,6.542207,0.032507,-8.031006,6.593170,0.035584,-8.046168,6.413147,11.107389,-6.587791,6.646155,0.037357,-8.051142,6.699125,0.037756,-8.045734,6.517038,11.106801,-6.566803,6.750045,0.036769,-8.030154,6.796958,0.034431,-8.004999,6.838062,0.030833,-7.971236,6.871777,0.026113,-7.930163,6.896807,0.020453,-7.883358,6.912189,0.014070,-7.832620,6.684327,11.077241,-6.316547,6.917334,0.007209,-7.779899,6.912043,0.000134,-7.727220,6.896520,-0.006884,-7.676608,6.871361,-0.013573,-7.630009,6.837533,-0.019678,-7.589212,6.563329,11.045069,-6.092436,6.796337,-0.024963,-7.555787,6.220491,11.042479,-6.127435,6.261595,11.038881,-6.093672,6.749353,-0.029227,-7.531017,6.645406,-0.034077,-7.510880,6.698390,-0.032304,-7.515853,6.749353,-0.029227,-7.531017,6.698390,-0.032304,-7.515853,6.494602,-0.031151,-7.557024,6.592436,-0.034477,-7.516288,6.359428,11.035557,-6.052936,6.541515,-0.033489,-7.531868,6.308508,11.036543,-6.068517,6.261595,11.038881,-6.093672,6.494602,-0.031151,-7.557024,6.261595,11.038881,-6.093672,6.220491,11.042479,-6.127435,6.220491,11.042479,-6.127435,6.186776,11.047199,-6.168508,6.419784,-0.022834,-7.631859,6.186776,11.047199,-6.168508,6.161747,11.052860,-6.215313,6.394754,-0.017173,-7.678664,6.379371,-0.010790,-7.729402,6.146364,11.059242,-6.266051,6.374227,-0.003929,-7.782124,6.141219,11.066103,-6.318772,6.146510,11.073178,-6.371451,6.162033,11.080195,-6.422062,6.187192,11.086885,-6.468662,6.454027,0.022958,-7.972809,6.221020,11.092990,-6.509459,6.262217,11.098275,-6.542884,6.309199,11.102539,-6.567654,6.593170,0.035584,-8.046168,6.360163,11.105616,-6.582818,6.413147,11.107389,-6.587791,6.413147,11.107389,-6.587791,6.699125,0.037756,-8.045734,6.466118,11.107789,-6.582383,6.517038,11.106801,-6.566803,6.796958,0.034431,-8.004999,6.796958,0.034431,-8.004999,6.563951,11.104464,-6.541647,6.605055,11.100864,-6.507885,6.838062,0.030833,-7.971236,6.605055,11.100864,-6.507885,6.871777,0.026113,-7.930163,6.638770,11.096147,-6.466812,6.663799,11.090486,-6.420007,6.896807,0.020453,-7.883358,6.663799,11.090486,-6.420007,6.912189,0.014070,-7.832620,6.679182,11.084103,-6.369268,6.684327,11.077241,-6.316547,6.679036,11.070166,-6.263869,6.663513,11.063148,-6.213257,6.638354,11.056459,-6.166658,6.604526,11.050355,-6.125862,6.837533,-0.019678,-7.589212,6.604526,11.050355,-6.125862,6.563329,11.045069,-6.092436,6.516346,11.040805,-6.067665,6.749353,-0.029227,-7.531017,6.308508,11.036543,-6.068517,6.359428,11.035557,-6.052936,6.412399,11.035955,-6.047529,6.412399,11.035955,-6.047529,6.465383,11.037727,-6.052502,6.308508,11.036543,-6.068517,6.465383,11.037727,-6.052502,6.516346,11.040805,-6.067665,6.308508,11.036543,-6.068517,6.516346,11.040805,-6.067665,6.563329,11.045069,-6.092436,6.308508,11.036543,-6.068517,6.563329,11.045069,-6.092436,6.604526,11.050355,-6.125862,6.261595,11.038881,-6.093672,6.308508,11.036543,-6.068517,6.563329,11.045069,-6.092436,6.261595,11.038881,-6.093672,6.638354,11.056459,-6.166658,6.220491,11.042479,-6.127435,6.638354,11.056459,-6.166658,6.663513,11.063148,-6.213257,6.186776,11.047199,-6.168508,6.220491,11.042479,-6.127435,6.638354,11.056459,-6.166658,6.186776,11.047199,-6.168508,6.663513,11.063148,-6.213257,6.679036,11.070166,-6.263869,6.146364,11.059242,-6.266051,6.679036,11.070166,-6.263869,6.684327,11.077241,-6.316547,6.141219,11.066103,-6.318772,6.684327,11.077241,-6.316547,6.679182,11.084103,-6.369268,6.146510,11.073178,-6.371451,6.679182,11.084103,-6.369268,6.663799,11.090486,-6.420007,6.162033,11.080195,-6.422062,6.663799,11.090486,-6.420007,6.638770,11.096147,-6.466812,6.162033,11.080195,-6.422062,6.638770,11.096147,-6.466812,6.605055,11.100864,-6.507885,6.187192,11.086885,-6.468662,6.162033,11.080195,-6.422062,6.638770,11.096147,-6.466812,6.187192,11.086885,-6.468662,6.605055,11.100864,-6.507885,6.563951,11.104464,-6.541647,6.221020,11.092990,-6.509459,6.563951,11.104464,-6.541647,6.517038,11.106801,-6.566803,6.262217,11.098275,-6.542884,6.221020,11.092990,-6.509459,6.563951,11.104464,-6.541647,6.262217,11.098275,-6.542884,6.517038,11.106801,-6.566803,6.466118,11.107789,-6.582383,6.413147,11.107389,-6.587791,6.413147,11.107389,-6.587791,6.360163,11.105616,-6.582818,6.517038,11.106801,-6.566803,6.360163,11.105616,-6.582818,6.309199,11.102539,-6.567654,6.517038,11.106801,-6.566803,6.309199,11.102539,-6.567654,6.262217,11.098275,-6.542884,6.517038,11.106801,-6.566803,6.221020,11.092990,-6.509459,6.187192,11.086885,-6.468662,6.605055,11.100864,-6.507885,6.162033,11.080195,-6.422062,6.146510,11.073178,-6.371451,6.679182,11.084103,-6.369268,6.146510,11.073178,-6.371451,6.141219,11.066103,-6.318772,6.684327,11.077241,-6.316547,6.141219,11.066103,-6.318772,6.146364,11.059242,-6.266051,6.679036,11.070166,-6.263869,6.146364,11.059242,-6.266051,6.161747,11.052860,-6.215313,6.663513,11.063148,-6.213257,6.161747,11.052860,-6.215313,6.186776,11.047199,-6.168508,6.663513,11.063148,-6.213257,6.465383,11.037727,-6.052502,6.412399,11.035955,-6.047529,6.645406,-0.034077,-7.510880,6.698390,-0.032304,-7.515853,6.645406,-0.034077,-7.510880,6.592436,-0.034477,-7.516288,6.592436,-0.034477,-7.516288,6.541515,-0.033489,-7.531868,6.698390,-0.032304,-7.515853,6.541515,-0.033489,-7.531868,6.494602,-0.031151,-7.557024,6.698390,-0.032304,-7.515853,6.494602,-0.031151,-7.557024,6.453498,-0.027553,-7.590786,6.837533,-0.019678,-7.589212,6.453498,-0.027553,-7.590786,6.419784,-0.022834,-7.631859,6.871361,-0.013573,-7.630009,6.419784,-0.022834,-7.631859,6.394754,-0.017173,-7.678664,6.871361,-0.013573,-7.630009,6.394754,-0.017173,-7.678664,6.379371,-0.010790,-7.729402,6.896520,-0.006884,-7.676608,6.871361,-0.013573,-7.630009,6.394754,-0.017173,-7.678664,6.896520,-0.006884,-7.676608,