{"vertex":341,"face":124,"position":[-6.436993,-0.034077,-7.510878,-6.670000,11.035955,-6.047527,-6.489964,-0.034477,-7.516286,-6.722971,11.035557,-6.052934,-6.540884,-0.033489,-7.531866,-6.773891,11.036543,-6.068515,-6.587798,-0.031151,-7.557022,-6.820805,11.038881,-6.093670,-6.628901,-0.027553,-7.590784,-6.861908,11.042479,-6.127433,-6.662616,-0.022834,-7.631857,-6.895623,11.047199,-6.168506,-6.687645,-0.017173,-7.678662,-6.920653,11.052860,-6.215311,-6.703028,-0.010790,-7.729400,-6.936036,11.059242,-6.266049,-6.708173,-0.003929,-7.782122,-6.941180,11.066103,-6.318770,-6.702882,0.003146,-7.834800,-6.935890,11.073178,-6.371449,-6.687359,0.010163,-7.885411,-6.920366,11.080195,-6.422060,-6.662200,0.016853,-7.932011,-6.895207,11.086885,-6.468660,-6.628372,0.022958,-7.972807,-6.861380,11.092990,-6.509457,-6.587175,0.028243,-8.006233,-6.820183,11.098275,-6.542882,-6.540193,0.032507,-8.031004,-6.773200,11.102539,-6.567652,-6.489230,0.035584,-8.046166,-6.722237,11.105616,-6.582816,-6.436244,0.037357,-8.051140,-6.669252,11.107389,-6.587789,-6.383274,0.037756,-8.045732,-6.616282,11.107789,-6.582381,-6.332354,0.036769,-8.030152,-6.565361,11.106801,-6.566801,-6.285441,0.034431,-8.004997,-6.518448,11.104464,-6.541646,-6.244337,0.030833,-7.971234,-6.477344,11.100864,-6.507883,-6.210622,0.026113,-7.930161,-6.443629,11.096147,-6.466810,-6.185593,0.020453,-7.883356,-6.418600,11.090486,-6.420005,-6.170210,0.014070,-7.832618,-6.403217,11.084103,-6.369267,-6.165065,0.007209,-7.779897,-6.398073,11.077241,-6.316545,-6.170356,0.000134,-7.727218,-6.403364,11.070166,-6.263867,-6.185879,-0.006884,-7.676606,-6.418887,11.063148,-6.213255,-6.211038,-0.013573,-7.630007,-6.444046,11.056459,-6.166656,-6.244866,-0.019678,-7.589211,-6.477874,11.050355,-6.125860,-6.286063,-0.024963,-7.555785,-6.519071,11.045069,-6.092434,-6.333046,-0.029227,-7.531015,-6.566053,11.040805,-6.067663,-6.384009,-0.032304,-7.515851,-6.617016,11.037727,-6.052500,-6.489964,-0.034477,-7.516286,-6.540884,-0.033489,-7.531866,-6.587798,-0.031151,-7.557022,-6.628901,-0.027553,-7.590784,-6.895623,11.047199,-6.168506,-6.662616,-0.022834,-7.631857,-6.687645,-0.017173,-7.678662,-6.703028,-0.010790,-7.729400,-6.941180,11.066103,-6.318770,-6.708173,-0.003929,-7.782122,-6.702882,0.003146,-7.834800,-6.687359,0.010163,-7.885411,-6.662200,0.016853,-7.932011,-6.861380,11.092990,-6.509457,-6.628372,0.022958,-7.972807,-6.587175,0.028243,-8.006233,-6.540193,0.032507,-8.031004,-6.722237,11.105616,-6.582816,-6.489230,0.035584,-8.046166,-6.436244,0.037357,-8.051140,-6.616282,11.107789,-6.582381,-6.383274,0.037756,-8.045732,-6.332354,0.036769,-8.030152,-6.285441,0.034431,-8.004997,-6.477344,11.100864,-6.507883,-6.244337,0.030833,-7.971234,-6.210622,0.026113,-7.930161,-6.185593,0.020453,-7.883356,-6.170210,0.014070,-7.832618,-6.165065,0.007209,-7.779897,-6.170356,0.000134,-7.727218,-6.418887,11.063148,-6.213255,-6.185879,-0.006884,-7.676606,-6.211038,-0.013573,-7.630007,-6.244866,-0.019678,-7.589211,-6.286063,-0.024963,-7.555785,-6.861908,11.042479,-6.127433,-6.820805,11.038881,-6.093670,-6.477874,11.050355,-6.125860,-6.333046,-0.029227,-7.531015,-6.436993,-0.034077,-7.510878,-6.384009,-0.032304,-7.515851,-6.333046,-0.029227,-7.531015,-6.384009,-0.032304,-7.515851,-6.587798,-0.031151,-7.557022,-6.489964,-0.034477,-7.516286,-6.722971,11.035557,-6.052934,-6.540884,-0.033489,-7.531866,-6.773891,11.036543,-6.068515,-6.587798,-0.031151,-7.557022,-6.820805,11.038881,-6.093670,-6.861908,11.042479,-6.127433,-6.628901,-0.027553,-7.590784,-6.861908,11.042479,-6.127433,-6.895623,11.047199,-6.168506,-6.920653,11.052860,-6.215311,-6.687645,-0.017173,-7.678662,-6.703028,-0.010790,-7.729400,-6.936036,11.059242,-6.266049,-6.941180,11.066103,-6.318770,-6.935890,11.073178,-6.371449,-6.920366,11.080195,-6.422060,-6.662200,0.016853,-7.932011,-6.895207,11.086885,-6.468660,-6.861380,11.092990,-6.509457,-6.587175,0.028243,-8.006233,-6.820183,11.098275,-6.542882,-6.773200,11.102539,-6.567652,-6.540193,0.032507,-8.031004,-6.773200,11.102539,-6.567652,-6.722237,11.105616,-6.582816,-6.436244,0.037357,-8.051140,-6.436244,0.037357,-8.051140,-6.669252,11.107389,-6.587789,-6.616282,11.107789,-6.582381,-6.565361,11.106801,-6.566801,-6.565361,11.106801,-6.566801,-6.285441,0.034431,-8.004997,-6.285441,0.034431,-8.004997,-6.518448,11.104464,-6.541646,-6.477344,11.100864,-6.507883,-6.477344,11.100864,-6.507883,-6.443629,11.096147,-6.466810,-6.443629,11.096147,-6.466810,-6.418600,11.090486,-6.420005,-6.185593,0.020453,-7.883356,-6.403217,11.084103,-6.369267,-6.165065,0.007209,-7.779897,-6.398073,11.077241,-6.316545,-6.170356,0.000134,-7.727218,-6.403364,11.070166,-6.263867,-6.418887,11.063148,-6.213255,-6.444046,11.056459,-6.166656,-6.477874,11.050355,-6.125860,-6.477874,11.050355,-6.125860,-6.519071,11.045069,-6.092434,-6.286063,-0.024963,-7.555785,-6.519071,11.045069,-6.092434,-6.566053,11.040805,-6.067663,-6.333046,-0.029227,-7.531015,-6.773891,11.036543,-6.068515,-6.722971,11.035557,-6.052934,-6.566053,11.040805,-6.067663,-6.722971,11.035557,-6.052934,-6.670000,11.035955,-6.047527,-6.566053,11.040805,-6.067663,-6.670000,11.035955,-6.047527,-6.617016,11.037727,-6.052500,-6.566053,11.040805,-6.067663,-6.566053,11.040805,-6.067663,-6.519071,11.045069,-6.092434,-6.773891,11.036543,-6.068515,-6.519071,11.045069,-6.092434,-6.477874,11.050355,-6.125860,-6.820805,11.038881,-6.093670,-6.773891,11.036543,-6.068515,-6.519071,11.045069,-6.092434,-6.820805,11.038881,-6.093670,-6.477874,11.050355,-6.125860,-6.444046,11.056459,-6.166656,-6.861908,11.042479,-6.127433,-6.444046,11.056459,-6.166656,-6.418887,11.063148,-6.213255,-6.895623,11.047199,-6.168506,-6.861908,11.042479,-6.127433,-6.444046,11.056459,-6.166656,-6.895623,11.047199,-6.168506,-6.418887,11.063148,-6.213255,-6.403364,11.070166,-6.263867,-6.936036,11.059242,-6.266049,-6.403364,11.070166,-6.263867,-6.398073,11.077241,-6.316545,-6.941180,11.066103,-6.318770,-6.398073,11.077241,-6.316545,-6.403217,11.084103,-6.369267,-6.935890,11.073178,-6.371449,-6.403217,11.084103,-6.369267,-6.418600,11.090486,-6.420005,-6.920366,11.080195,-6.422060,-6.418600,11.090486,-6.420005,-6.443629,11.096147,-6.466810,-6.920366,11.080195,-6.422060,-6.443629,11.096147,-6.466810,-6.477344,11.100864,-6.507883,-6.895207,11.086885,-6.468660,-6.920366,11.080195,-6.422060,-6.443629,11.096147,-6.466810,-6.895207,11.086885,-6.468660,-6.477344,11.100864,-6.507883,-6.518448,11.104464,-6.541646,-6.861380,11.092990,-6.509457,-6.518448,11.104464,-6.541646,-6.565361,11.106801,-6.566801,-6.820183,11.098275,-6.542882,-6.861380,11.092990,-6.509457,-6.518448,11.104464,-6.541646,-6.820183,11.098275,-6.542882,-6.565361,11.106801,-6.566801,-6.616282,11.107789,-6.582381,-6.773200,11.102539,-6.567652,-6.616282,11.107789,-6.582381,-6.669252,11.107389,-6.587789,-6.773200,11.102539,-6.567652,-6.669252,11.107389,-6.587789,-6.722237,11.105616,-6.582816,-6.773200,11.102539,-6.567652,-6.773200,11.102539,-6.567652,-6.820183,11.098275,-6.542882,-6.565361,11.106801,-6.566801,-6.861380,11.092990,-6.509457,-6.895207,11.086885,-6.468660,-6.477344,11.100864,-6.507883,-6.920366,11.080195,-6.422060,-6.935890,11.073178,-6.371449,-6.403217,11.084103,-6.369267,-6.935890,11.073178,-6.371449,-6.941180,11.066103,-6.318770,-6.398073,11.077241,-6.316545,-6.941180,11.066103,-6.318770,-6.936036,11.059242,-6.266049,-6.403364,11.070166,-6.263867,-6.936036,11.059242,-6.266049,-6.920653,11.052860,-6.215311,-6.418887,11.063148,-6.213255,-6.920653,11.052860,-6.215311,-6.895623,11.047199,-6.168506,-6.418887,11.063148,-6.213255,-6.617016,11.037727,-6.052500,-6.670000,11.035955,-6.047527,-6.436993,-0.034077,-7.510878,-6.384009,-0.032304,-7.515851,-6.436993,-0.034077,-7.510878,-6.489964,-0.034477,-7.516286,-6.489964,-0.034477,-7.516286,-6.540884,-0.033489,-7.531866,-6.384009,-0.032304,-7.515851,-6.540884,-0.033489,-7.531866,-6.587798,-0.031151,-7.557022,-6.384009,-0.032304,-7.515851,-6.587798,-0.031151,-7.557022,-6.628901,-0.027553,-7.590784,-6.244866,-0.019678,-7.589211,-6.628901,-0.027553,