{"vertex":336,"face":124,"position":[-6.436999,-0.034076,8.175286,-6.670008,11.035955,6.711936,-6.384015,-0.032303,8.180260,-6.617023,11.037729,6.716909,-6.333051,-0.029226,8.195423,-6.566060,11.040806,6.732072,-6.286068,-0.024963,8.220194,-6.519077,11.045070,6.756843,-6.244872,-0.019677,8.253619,-6.477880,11.050356,6.790268,-6.211043,-0.013573,8.294415,-6.444052,11.056460,6.831065,-6.185885,-0.006883,8.341016,-6.418893,11.063148,6.877664,-6.170362,0.000134,8.391626,-6.403370,11.070167,6.928276,-6.165071,0.007209,8.444305,-6.398079,11.077242,6.980954,-6.170216,0.014070,8.497026,-6.403224,11.084103,7.033676,-6.185598,0.020453,8.547765,-6.418607,11.090486,7.084414,-6.210628,0.026114,8.594569,-6.443636,11.096147,7.131218,-6.244342,0.030834,8.635643,-6.477351,11.100866,7.172292,-6.285447,0.034432,8.669406,-6.518455,11.104464,7.206054,-6.332360,0.036769,8.694561,-6.565368,11.106802,7.231210,-6.383280,0.037757,8.710141,-6.616289,11.107789,7.246790,-6.436250,0.037357,8.715549,-6.669259,11.107390,7.252198,-6.489235,0.035584,8.710576,-6.722244,11.105617,7.247225,-6.540198,0.032507,8.695413,-6.773207,11.102540,7.232061,-6.587181,0.028244,8.670642,-6.820190,11.098276,7.207290,-6.628377,0.022958,8.637216,-6.861386,11.092990,7.173864,-6.662206,0.016853,8.596419,-6.895215,11.086885,7.133068,-6.687365,0.010164,8.549820,-6.920373,11.080196,7.086469,-6.702888,0.003147,8.499209,-6.935896,11.073179,7.035857,-6.708179,-0.003928,8.446530,-6.941187,11.066103,6.983179,-6.703033,-0.010789,8.393809,-6.936042,11.059243,6.930457,-6.687651,-0.017173,8.343071,-6.920660,11.052860,6.879720,-6.662621,-0.022833,8.296266,-6.895630,11.047199,6.832914,-6.628907,-0.027553,8.255193,-6.861915,11.042480,6.791842,-6.587803,-0.031151,8.221430,-6.820811,11.038882,6.758079,-6.540889,-0.033488,8.196275,-6.773898,11.036543,6.732924,-6.489969,-0.034476,8.180695,-6.722978,11.035557,6.717343,-6.384015,-0.032303,8.180260,-6.333051,-0.029226,8.195423,-6.286068,-0.024963,8.220194,-6.477880,11.050356,6.790268,-6.244872,-0.019677,8.253619,-6.211043,-0.013573,8.294415,-6.418893,11.063148,6.877664,-6.185885,-0.006883,8.341016,-6.170362,0.000134,8.391626,-6.165071,0.007209,8.444305,-6.170216,0.014070,8.497026,-6.185598,0.020453,8.547765,-6.210628,0.026114,8.594569,-6.244342,0.030834,8.635643,-6.518455,11.104464,7.206054,-6.285447,0.034432,8.669406,-6.332360,0.036769,8.694561,-6.383280,0.037757,8.710141,-6.436250,0.037357,8.715549,-6.489235,0.035584,8.710576,-6.540198,0.032507,8.695413,-6.587181,0.028244,8.670642,-6.628377,0.022958,8.637216,-6.662206,0.016853,8.596419,-6.687365,0.010164,8.549820,-6.935896,11.073179,7.035857,-6.702888,0.003147,8.499209,-6.708179,-0.003928,8.446530,-6.703033,-0.010789,8.393809,-6.687651,-0.017173,8.343071,-6.895630,11.047199,6.832914,-6.662621,-0.022833,8.296266,-6.628907,-0.027553,8.255193,-6.587803,-0.031151,8.221430,-6.477880,11.050356,6.790268,-6.861915,11.042480,6.791842,-6.773898,11.036543,6.732924,-6.540889,-0.033488,8.196275,-6.489969,-0.034476,8.180695,-6.670008,11.035955,6.711936,-6.436999,-0.034076,8.175286,-6.540889,-0.033488,8.196275,-6.489969,-0.034476,8.180695,-6.286068,-0.024963,8.220194,-6.670008,11.035955,6.711936,-6.617023,11.037729,6.716909,-6.384015,-0.032303,8.180260,-6.566060,11.040806,6.732072,-6.519077,11.045070,6.756843,-6.286068,-0.024963,8.220194,-6.519077,11.045070,6.756843,-6.477880,11.050356,6.790268,-6.211043,-0.013573,8.294415,-6.444052,11.056460,6.831065,-6.418893,11.063148,6.877664,-6.403370,11.070167,6.928276,-6.165071,0.007209,8.444305,-6.398079,11.077242,6.980954,-6.170216,0.014070,8.497026,-6.403224,11.084103,7.033676,-6.185598,0.020453,8.547765,-6.418607,11.090486,7.084414,-6.210628,0.026114,8.594569,-6.443636,11.096147,7.131218,-6.477351,11.100866,7.172292,-6.244342,0.030834,8.635643,-6.477351,11.100866,7.172292,-6.518455,11.104464,7.206054,-6.518455,11.104464,7.206054,-6.565368,11.106802,7.231210,-6.332360,0.036769,8.694561,-6.616289,11.107789,7.246790,-6.669259,11.107390,7.252198,-6.722244,11.105617,7.247225,-6.722244,11.105617,7.247225,-6.773207,11.102540,7.232061,-6.540198,0.032507,8.695413,-6.820190,11.098276,7.207290,-6.628377,0.022958,8.637216,-6.861386,11.092990,7.173864,-6.662206,0.016853,8.596419,-6.895215,11.086885,7.133068,-6.687365,0.010164,8.549820,-6.920373,11.080196,7.086469,-6.935896,11.073179,7.035857,-6.941187,11.066103,6.983179,-6.936042,11.059243,6.930457,-6.687651,-0.017173,8.343071,-6.920660,11.052860,6.879720,-6.895630,11.047199,6.832914,-6.861915,11.042480,6.791842,-6.628907,-0.027553,8.255193,-6.861915,11.042480,6.791842,-6.587803,-0.031151,8.221430,-6.587803,-0.031151,8.221430,-6.820811,11.038882,6.758079,-6.566060,11.040806,6.732072,-6.617023,11.037729,6.716909,-6.773898,11.036543,6.732924,-6.617023,11.037729,6.716909,-6.670008,11.035955,6.711936,-6.773898,11.036543,6.732924,-6.670008,11.035955,6.711936,-6.773898,11.036543,6.732924,-6.773898,11.036543,6.732924,-6.820811,11.038882,6.758079,-6.566060,11.040806,6.732072,-6.820811,11.038882,6.758079,-6.861915,11.042480,6.791842,-6.566060,11.040806,6.732072,-6.820811,11.038882,6.758079,-6.861915,11.042480,6.791842,-6.895630,11.047199,6.832914,-6.477880,11.050356,6.790268,-6.895630,11.047199,6.832914,-6.920660,11.052860,6.879720,-6.444052,11.056460,6.831065,-6.477880,11.050356,6.790268,-6.895630,11.047199,6.832914,-6.444052,11.056460,6.831065,-6.920660,11.052860,6.879720,-6.936042,11.059243,6.930457,-6.403370,11.070167,6.928276,-6.936042,11.059243,6.930457,-6.941187,11.066103,6.983179,-6.398079,11.077242,6.980954,-6.941187,11.066103,6.983179,-6.935896,11.073179,7.035857,-6.403224,11.084103,7.033676,-6.935896,11.073179,7.035857,-6.920373,11.080196,7.086469,-6.418607,11.090486,7.084414,-6.920373,11.080196,7.086469,-6.895215,11.086885,7.133068,-6.418607,11.090486,7.084414,-6.895215,11.086885,7.133068,-6.861386,11.092990,7.173864,-6.443636,11.096147,7.131218,-6.418607,11.090486,7.084414,-6.895215,11.086885,7.133068,-6.443636,11.096147,7.131218,-6.861386,11.092990,7.173864,-6.820190,11.098276,7.207290,-6.477351,11.100866,7.172292,-6.820190,11.098276,7.207290,-6.773207,11.102540,7.232061,-6.518455,11.104464,7.206054,-6.477351,11.100866,7.172292,-6.820190,11.098276,7.207290,-6.518455,11.104464,7.206054,-6.773207,11.102540,7.232061,-6.722244,11.105617,7.247225,-6.669259,11.107390,7.252198,-6.669259,11.107390,7.252198,-6.616289,11.107789,7.246790,-6.773207,11.102540,7.232061,-6.616289,11.107789,7.246790,-6.565368,11.106802,7.231210,-6.773207,11.102540,7.232061,-6.565368,11.106802,7.231210,-6.518455,11.104464,7.206054,-6.773207,11.102540,7.232061,-6.477351,11.100866,7.172292,-6.443636,11.096147,7.131218,-6.861386,11.092990,7.173864,-6.418607,11.090486,7.084414,-6.403224,11.084103,7.033676,-6.935896,11.073179,7.035857,-6.403224,11.084103,7.033676,-6.398079,11.077242,6.980954,-6.941187,11.066103,6.983179,-6.398079,11.077242,6.980954,-6.403370,11.070167,6.928276,-6.936042,11.059243,6.930457,-6.403370,11.070167,6.928276,-6.418893,11.063148,6.877664,-6.920660,11.052860,6.879720,-6.418893,11.063148,6.877664,-6.444052,11.056460,6.831065,-6.920660,11.052860,6.879720,-6.773898,11.036543,6.732924,-6.722978,11.035557,6.717343,-6.489969,-0.034476,8.180695,-6.722978,11.035557,6.717343,-6.670008,11.035955,6.711936,-6.489969,-0.034476,8.180695,-6.436999,-0.034076,8.175286,-6.384015,-0.032303,8.180260,-6.384015,-0.032303,8.180260,-6.333051,-0.029226,8.195423,-6.489969,-0.034476,8.180695,-6.333051,-0.029226,8.195423,-6.286068,-0.024963,8.220194,-6.489969,-0.034476,8.180695,-6.286068,-0.024963,8.220194,-6.244872,-0.019677,8.253619,-6.628907,-0.027553,8.255193,-6.244872,-0.019677,8.253619,-6.211043,-0.013573,8.294415,-6.662621,-0.022833,8.296266,-6.211043,-0.013573,8.294415,-6.185885,-0.006883,8.341016,-6.662621,-0.022833,8.296266,-6.185885,-0.006883,8.341016,-6.170362,0.000134,8.391626,-6.687651,-0.017173,8.343071,-6.662621,-0.022833,8.296266,-6.185885,-0.006883,8.341016,-6.687651,-0.017173,8.343071,-6.170362,0.000134,8.391626,-6.165071,0.007209,8.444305,-6.708179,-0.003928,8.446530,