{"vertex":337,"face":124,"position":[6.645401,-0.034076,8.175284,6.412392,11.035955,6.711934,6.698385,-0.032303,8.180258,6.465377,11.037729,6.716907,6.749348,-0.029226,8.195421,6.516340,11.040806,6.732070,6.796331,-0.024963,8.220192,6.563323,11.045070,6.756841,6.837528,-0.019677,8.253617,6.604519,11.050356,6.790267,6.871356,-0.013573,8.294414,6.638347,11.056460,6.831063,6.896514,-0.006883,8.341014,6.663506,11.063148,6.877662,6.912038,0.000134,8.391624,6.679029,11.070167,6.928274,6.917329,0.007209,8.444304,6.684320,11.077242,6.980952,6.912184,0.014070,8.497025,6.679175,11.084103,7.033674,6.896801,0.020453,8.547763,6.663793,11.090486,7.084412,6.871771,0.026114,8.594567,6.638763,11.096147,7.131217,6.838057,0.030834,8.635641,6.605049,11.100866,7.172290,6.796953,0.034432,8.669404,6.563945,11.104464,7.206052,6.750040,0.036769,8.694559,6.517031,11.106802,7.231208,6.699120,0.037757,8.710139,6.466111,11.107789,7.246788,6.646149,0.037357,8.715547,6.413140,11.107390,7.252196,6.593164,0.035584,8.710574,6.360155,11.105617,7.247223,6.542201,0.032507,8.695411,6.309193,11.102540,7.232059,6.495218,0.028244,8.670640,6.262209,11.098276,7.207288,6.454022,0.022958,8.637214,6.221013,11.092990,7.173862,6.420194,0.016853,8.596417,6.187185,11.086885,7.133066,6.395035,0.010164,8.549818,6.162026,11.080196,7.086467,6.379512,0.003147,8.499207,6.146503,11.073179,7.035855,6.374221,-0.003928,8.446528,6.141212,11.066103,6.983177,6.379366,-0.010789,8.393807,6.146357,11.059243,6.930455,6.394749,-0.017173,8.343069,6.161740,11.052860,6.879718,6.419778,-0.022833,8.296264,6.186769,11.047199,6.832912,6.453493,-0.027553,8.255191,6.220484,11.042480,6.791840,6.494596,-0.031151,8.221428,6.261588,11.038882,6.758077,6.541510,-0.033488,8.196273,6.308501,11.036543,6.732922,6.592431,-0.034476,8.180693,6.359422,11.035557,6.717341,6.698385,-0.032303,8.180258,6.749348,-0.029226,8.195421,6.796331,-0.024963,8.220192,6.837528,-0.019677,8.253617,6.871356,-0.013573,8.294414,6.663506,11.063148,6.877662,6.896514,-0.006883,8.341014,6.912038,0.000134,8.391624,6.917329,0.007209,8.444304,6.679175,11.084103,7.033674,6.912184,0.014070,8.497025,6.896801,0.020453,8.547763,6.871771,0.026114,8.594567,6.838057,0.030834,8.635641,6.563945,11.104464,7.206052,6.796953,0.034432,8.669404,6.750040,0.036769,8.694559,6.466111,11.107789,7.246788,6.699120,0.037757,8.710139,6.646149,0.037357,8.715547,6.593164,0.035584,8.710574,6.542201,0.032507,8.695411,6.262209,11.098276,7.207288,6.495218,0.028244,8.670640,6.454022,0.022958,8.637214,6.420194,0.016853,8.596417,6.395035,0.010164,8.549818,6.379512,0.003147,8.499207,6.374221,-0.003928,8.446528,6.379366,-0.010789,8.393807,6.394749,-0.017173,8.343069,6.419778,-0.022833,8.296264,6.453493,-0.027553,8.255191,6.494596,-0.031151,8.221428,6.563323,11.045070,6.756841,6.220484,11.042480,6.791840,6.308501,11.036543,6.732922,6.541510,-0.033488,8.196273,6.592431,-0.034476,8.180693,6.412392,11.035955,6.711934,6.645401,-0.034076,8.175284,6.541510,-0.033488,8.196273,6.592431,-0.034476,8.180693,6.796331,-0.024963,8.220192,6.412392,11.035955,6.711934,6.465377,11.037729,6.716907,6.698385,-0.032303,8.180258,6.516340,11.040806,6.732070,6.563323,11.045070,6.756841,6.563323,11.045070,6.756841,6.604519,11.050356,6.790267,6.837528,-0.019677,8.253617,6.837528,-0.019677,8.253617,6.604519,11.050356,6.790267,6.871356,-0.013573,8.294414,6.638347,11.056460,6.831063,6.663506,11.063148,6.877662,6.679029,11.070167,6.928274,6.917329,0.007209,8.444304,6.684320,11.077242,6.980952,6.679175,11.084103,7.033674,6.896801,0.020453,8.547763,6.663793,11.090486,7.084412,6.871771,0.026114,8.594567,6.638763,11.096147,7.131217,6.838057,0.030834,8.635641,6.605049,11.100866,7.172290,6.563945,11.104464,7.206052,6.750040,0.036769,8.694559,6.750040,0.036769,8.694559,6.517031,11.106802,7.231208,6.466111,11.107789,7.246788,6.413140,11.107390,7.252196,6.360155,11.105617,7.247223,6.360155,11.105617,7.247223,6.542201,0.032507,8.695411,6.542201,0.032507,8.695411,6.309193,11.102540,7.232059,6.262209,11.098276,7.207288,6.221013,11.092990,7.173862,6.187185,11.086885,7.133066,6.162026,11.080196,7.086467,6.146503,11.073179,7.035855,6.141212,11.066103,6.983177,6.146357,11.059243,6.930455,6.394749,-0.017173,8.343069,6.161740,11.052860,6.879718,6.419778,-0.022833,8.296264,6.186769,11.047199,6.832912,6.220484,11.042480,6.791840,6.453493,-0.027553,8.255191,6.220484,11.042480,6.791840,6.261588,11.038882,6.758077,6.494596,-0.031151,8.221428,6.261588,11.038882,6.758077,6.516340,11.040806,6.732070,6.465377,11.037729,6.716907,6.412392,11.035955,6.711934,6.412392,11.035955,6.711934,6.516340,11.040806,6.732070,6.359422,11.035557,6.717341,6.308501,11.036543,6.732922,6.516340,11.040806,6.732070,6.308501,11.036543,6.732922,6.261588,11.038882,6.758077,6.516340,11.040806,6.732070,6.261588,11.038882,6.758077,6.220484,11.042480,6.791840,6.563323,11.045070,6.756841,6.516340,11.040806,6.732070,6.261588,11.038882,6.758077,6.563323,11.045070,6.756841,6.220484,11.042480,6.791840,6.186769,11.047199,6.832912,6.604519,11.050356,6.790267,6.186769,11.047199,6.832912,6.161740,11.052860,6.879718,6.638347,11.056460,6.831063,6.604519,11.050356,6.790267,6.186769,11.047199,6.832912,6.638347,11.056460,6.831063,6.161740,11.052860,6.879718,6.146357,11.059243,6.930455,6.679029,11.070167,6.928274,6.146357,11.059243,6.930455,6.141212,11.066103,6.983177,6.684320,11.077242,6.980952,6.141212,11.066103,6.983177,6.146503,11.073179,7.035855,6.679175,11.084103,7.033674,6.146503,11.073179,7.035855,6.162026,11.080196,7.086467,6.663793,11.090486,7.084412,6.162026,11.080196,7.086467,6.187185,11.086885,7.133066,6.663793,11.090486,7.084412,6.187185,11.086885,7.133066,6.221013,11.092990,7.173862,6.638763,11.096147,7.131217,6.663793,11.090486,7.084412,6.187185,11.086885,7.133066,6.638763,11.096147,7.131217,6.221013,11.092990,7.173862,6.262209,11.098276,7.207288,6.605049,11.100866,7.172290,6.262209,11.098276,7.207288,6.309193,11.102540,7.232059,6.563945,11.104464,7.206052,6.605049,11.100866,7.172290,6.262209,11.098276,7.207288,6.563945,11.104464,7.206052,6.309193,11.102540,7.232059,6.360155,11.105617,7.247223,6.413140,11.107390,7.252196,6.413140,11.107390,7.252196,6.466111,11.107789,7.246788,6.309193,11.102540,7.232059,6.466111,11.107789,7.246788,6.517031,11.106802,7.231208,6.309193,11.102540,7.232059,6.517031,11.106802,7.231208,6.563945,11.104464,7.206052,6.309193,11.102540,7.232059,6.605049,11.100866,7.172290,6.638763,11.096147,7.131217,6.221013,11.092990,7.173862,6.663793,11.090486,7.084412,6.679175,11.084103,7.033674,6.146503,11.073179,7.035855,6.679175,11.084103,7.033674,6.684320,11.077242,6.980952,6.141212,11.066103,6.983177,6.684320,11.077242,6.980952,6.679029,11.070167,6.928274,6.146357,11.059243,6.930455,6.679029,11.070167,6.928274,6.663506,11.063148,6.877662,6.161740,11.052860,6.879718,6.663506,11.063148,6.877662,6.638347,11.056460,6.831063,6.161740,11.052860,6.879718,6.308501,11.036543,6.732922,6.359422,11.035557,6.717341,6.592431,-0.034476,8.180693,6.359422,11.035557,6.717341,6.412392,11.035955,6.711934,6.592431,-0.034476,8.180693,6.645401,-0.034076,8.175284,6.698385,-0.032303,8.180258,6.698385,-0.032303,8.180258,6.749348,-0.029226,8.195421,6.592431,-0.034476,8.180693,6.749348,-0.029226,8.195421,6.796331,-0.024963,8.220192,6.592431,-0.034476,8.180693,6.796331,-0.024963,8.220192,6.837528,-0.019677,8.253617,6.453493,-0.027553,8.255191,6.837528,-0.019677,8.253617,6.871356,-0.013573,8.294414,6.419778,-0.022833,8.296264,6.871356,-0.013573,8.294414,6.896514,-0.006883,8.341014,6.419778,-0.022833,8.296264,6.896514,-0.006883,8.341014,6.912038,0.000134,8.391624,6.394749,-0.017173,8.343069,6.419778,-0.022833,8.296264,6.896514,-0.006883,8.341014,6.394749,-0.017173,8.343069,6.912038,0.000134,8.391624,6.917329,0.007209,8.444304,6.374221,-0.003928,8.446528,6.917329,0.007209,8.444304,6.912184,0.014070,8.497025,6.379512,0.003147,8.499207,6.912184,0.014070,8.497025,6.896801,0.020453,8.547763,6.379512,0.003147,8.499207,6.896801,0.020453,8.547763,6.871771,0.026114,8.594567,6.395035,0.010164,8.549818,6.379512,